abbreviations,answers
EMIR ,"EMIR, or the European Market Infrastructure Regulation, is a set of European Union regulations aimed at improving the transparency and stability of the over-the-counter (OTC) derivatives market. Introduced in 2012, EMIR mandates that certain derivatives contracts be reported to trade repositories, and requires the clearing of standardized derivatives through central counterparties (CCPs) to reduce counterparty risk. It also imposes risk mitigation techniques for non-centrally cleared derivatives to enhance market integrity."
SFTR ,"The Securities Financing Transactions Regulation (SFTR) is a piece of EU legislation that aims to increase transparency in the securities financing markets. It requires financial and non-financial institutions to report details of their securities financing transactions, such as repurchase agreements and securities lending, to a registered trade repository, thereby enhancing market oversight and mitigating systemic risks."
RTS on reporting  ,"RTS on reporting refers to the Regulatory Technical Standards established under EMIR that set out detailed rules for the reporting of derivative contracts to trade repositories. These standards define the format, content, and timing of the information that must be reported, ensuring transparency and consistency in the derivatives market. Compliance with these standards helps authorities monitor systemic risk and enhances market integrity."
ITS on reporting  ,"ITS on reporting refers to the Implementing Technical Standards established by the European Commission to provide detailed rules for the reporting of derivatives transactions under the EMIR framework. These standards set out the specific data to be reported, the manner of reporting, and the technical specifications that ensure consistency and accuracy in the reporting process, facilitating effective oversight of the derivatives market."
RTS on registration ,"RTS on registration refers to the ""Regulatory Technical Standards"" concerning the registration of trade repositories under EMIR. These standards provide detailed rules and requirements that trade repositories must meet to be registered with competent authorities, ensuring they can effectively collect, maintain, and provide access to trade data related to over-the-counter (OTC) derivatives. The RTS aims to enhance the transparency and efficiency of the derivatives market in line with EMIR's objectives."
RTS on data quality ,"RTS on data quality refers to the ""Regulatory Technical Standards"" developed under EMIR to establish detailed requirements for the quality of data that must be reported to trade repositories. These standards set out the conditions for ensuring that the collateral, trading, and other transaction data reported is accurate, complete, and timely, which helps enhance transparency and monitoring in the derivatives markets. Compliance with these RTS ensures that both regulators and market participants can rely on the integrity of the data provided."
RTS on data access ,"RTS on data access refers to the Regulatory Technical Standards established under EMIR that define the specific requirements for access to trade data. These standards aim to ensure that relevant parties, such as regulators and other authorities, can effectively access and analyze trade and transaction data to monitor market activities and systemic risks. The implementation of these standards helps enhance transparency and improve oversight within the derivatives market."
RTS on organisation requirements ,"RTS on organisation requirements refers to the Regulatory Technical Standards established under EMIR that set out the operational and organizational requirements for entities involved in derivative trading, clearing, and reporting. These standards aim to ensure that firms have appropriate governance, risk management, and operational resilience in place to effectively manage their derivatives activities and comply with EMIR’s obligations."
CFI code ,"CFI code stands for Classification of Financial Instruments code. Within the context of EMIR (European Market Infrastructure Regulation), it is a unique alphanumeric code used to identify financial instruments and their characteristics. CFI codes help in the reporting and monitoring of derivatives transactions, ensuring that all parties involved accurately classify the instruments they are dealing with."
CM ,"In the context of EMIR, CM stands for ""Collateral Manager."" A Collateral Manager is a financial entity responsible for managing and optimizing collateral assets used in derivatives transactions. They ensure that the necessary collateral requirements are met to mitigate counterparty risk and comply with EMIR guidelines on trade clearing and risk management."
CP,"In the context of EMIR, ""CP"" stands for ""Clearing Participant."" A Clearing Participant is a financial institution that is authorized to clear transactions on behalf of itself or its clients through a central counterparty (CCP). Their role is to help mitigate counterparty risk in derivative markets by ensuring that trades are settled in a secure and efficient manner."
CP on RTS/ITS ,"CP stands for ""Consultation Paper."" In the context of EMIR's Regulatory Technical Standards (RTS) and Implementing Technical Standards (ITS), a Consultation Paper is a document issued by the European Securities and Markets Authority (ESMA) to gather public feedback on proposed technical standards that are designed to implement or clarify aspects of the regulation. This process ensures that stakeholders, including market participants and industry experts, can contribute to the development of the rules governing derivatives markets."
FR on RTS/ITS ,"FR stands for ""Financial Reporting."" In the context of EMIR and its regulatory technical standards (RTS) and implementing technical standards (ITS), FR refers to the requirements that counterparties must follow for the reporting of derivative transactions to trade repositories. This ensures transparency in the derivatives market, allowing regulators to monitor risks and maintain market integrity."
CPMI ,"CPMI stands for the Committee on Payments and Market Infrastructures. It is a global standard-setting body that promotes the safety and efficiency of payment systems and market infrastructures. Within the context of EMIR, CPMI's work influences the regulatory framework for central clearing and risk management processes in financial markets, aiming to enhance systemic stability."
EC,"EC stands for the European Commission, which is an institution of the European Union responsible for proposing legislation, enforcing EU law, and implementing policies. Within the context of EMIR, the European Commission plays a crucial role in developing and enforcing regulations related to derivatives trading and clearing, helping to ensure financial stability across the EU."
ECB ,"The ECB, or European Central Bank, is the central bank for the eurozone, responsible for monetary policy and maintaining price stability. Within the context of EMIR, the ECB plays a crucial role in overseeing the financial system, including the regulation of derivatives trades and the stability of financial markets, which are essential for effective risk management in the trading of over-the-counter derivatives."
EEA ,"The EEA, or European Economic Area, refers to an area that includes the member states of the European Union (EU) and three additional countries—Norway, Iceland, and Liechtenstein. Within the context of EMIR, the EEA is significant because the regulation applies not only to EU member states but also extends to firms and entities located in EEA countries, ensuring a consistent regulatory environment for over-the-counter derivatives across these regions."
ERR ,"ERR, or the European Reporting Requirement, refers to the obligation under EMIR for certain financial and non-financial counterparties to report derivative contracts to a trade repository. This reporting is crucial for enhancing transparency in the derivatives market and enables regulators to monitor systemic risks effectively. It ensures that all OTC (over-the-counter) derivatives transactions are documented and accessible for regulatory oversight."
ESCB ,"The ESCB, or European System of Central Banks, comprises the European Central Bank (ECB) and the national central banks of EU member states. Within the context of EMIR, the ESCB plays a crucial role in ensuring the stability of the financial system by overseeing the implementation of monetary policy and offering liquidity support, which can affect the functioning of clearing houses involved in derivatives trading."
EU ,"The EU, or European Union, is a political and economic union of 27 European countries that collaborate on various policies and regulations, including financial services and market stability. Within the context of EMIR, the EU established this regulation to improve transparency and reduce systemic risk in the derivatives market, facilitating a safer trading environment across member states."
FIRDS ,"FIRDS stands for the Financial Instruments Reference Data System. It is a centralized database established under EMIR that contains reference data for financial instruments traded in the European Union. FIRDS aims to enhance transparency and facilitate the accurate reporting of trades by providing essential information about instruments, such as identifiers and categories, to improve regulatory oversight."
FSB ,"The FSB, or Financial Stability Board, is an international body that monitors and makes recommendations about the global financial system to promote stability. Established after the 2008 financial crisis, the FSB coordinates national financial authorities and international standard-setting bodies to develop and implement effective regulatory initiatives, including those related to the reporting and clearing of derivatives under regulations like EMIR."
IOSCO ,"IOSCO stands for the International Organization of Securities Commissions. It is an association of securities regulators from around the world, aiming to standardize and enhance the international regulation of financial markets. Within the EMIR framework, IOSCO's principles and guidelines support the oversight of derivatives markets, promoting transparency, accountability, and the reduction of systemic risks."
ISIN ,"ISIN stands for International Securities Identification Number. It is a unique code used to identify securities, such as stocks and bonds, within the financial markets. Under EMIR, ISINs are important for improving transaction reporting and transparency in derivative markets, ensuring that all parties can accurately track and manage risk associated with these financial instruments."
LEI ,"LEI stands for Legal Entity Identifier. It is a unique 20-character alphanumeric code assigned to financial market participants to help identify them in a standardized way globally. Within the EMIR framework, LEIs are essential for reporting derivative trades and transactions, ensuring transparency and reducing systemic risk in the financial system."
ISO ,"ISO stands for the International Organization for Standardization. In the context of EMIR, ISO refers to a set of standards that ensure the consistent and effective reporting of derivatives transactions, focusing on the interoperability and reliability of data exchanged between market participants and trade repositories. Compliance with ISO standards helps improve transparency and reduce risks in the derivatives market."
MIC ,"A Market Identifier Code (MIC) is a unique code used to identify trading venues such as stock exchanges or multilateral trading facilities (MTFs) within financial markets. Under the EMIR framework, MICs help ensure transparency and accurate reporting of derivative transactions by specifying where trades are executed, facilitating effective oversight and monitoring by regulatory authorities."
NCA ,"NCA stands for National Competent Authority. Within the EMIR framework, NCAs are the regulatory bodies in each EU member state responsible for overseeing and enforcing compliance with EMIR provisions, including transaction reporting and the clearing of derivatives. They play a crucial role in ensuring that market participants adhere to regulatory standards to promote transparency and financial stability."
OJ ,"OJ stands for the Official Journal of the European Union. In the context of EMIR, it is where all relevant EU regulations, directives, and legal acts are published, including those pertaining to the framework of clearing and reporting derivatives. The OJ serves as the official record for legislative and regulatory activity across EU member states."
RSE ,"RSE stands for Risk Storage Entity. Within the context of EMIR, an RSE is an entity that is authorized to hold and manage the collateral for clearing and risk management purposes. Their role is crucial in ensuring that the financial stability and risk management requirements of derivative transactions are met, according to the regulations set out by EMIR."
SWIFT ,"SWIFT, or the Society for Worldwide Interbank Financial Telecommunication, is a cooperative that facilitates secure and standardized messaging for financial transactions between banks and financial institutions globally. In the context of EMIR, SWIFT messages are often used to communicate trade details and regulatory reporting for derivatives, helping ensure compliance with EMIR’s transparency requirements."
TR ,"A TR, or Trade Repository, is a centralized entity that collects and maintains records of derivative transactions as mandated by the European Market Infrastructure Regulation (EMIR). TRs enhance transparency in the derivatives market by providing regulators with access to detailed transaction data, which helps in monitoring systemic risk and ensuring compliance with regulatory standards."
UTI ,"UTI stands for Unique Trade Identifier. In the context of EMIR, it is a code assigned to a swap transaction to ensure it can be uniquely identified in the reporting process. This helps regulators and market participants track trades accurately and enhances transparency in derivatives markets."
XML ,"XML, or Extensible Markup Language, is a flexible text format used to structure, store, and transport data. Within the context of EMIR, XML is often employed for reporting purposes, allowing financial institutions to submit standardized data about transactions and derivatives to regulatory authorities in a format that is easily processed and interpreted by systems."
XSD ,"XSD stands for XML Schema Definition. In the context of EMIR, it is used to define the structure, content, and data types of XML documents that institutions use to report trades to trade repositories. This ensures that the submitted data is standardized and can be accurately processed and validated according to regulatory requirements."
ESRB,"The ESRB, or European Systemic Risk Board, is an independent body established to monitor and assess risks to the stability of the European financial system, including those stemming from issues related to derivatives markets. It plays a crucial role in the regulatory framework by providing warnings and issuing recommendations to prevent and mitigate systemic risks, which are relevant to the obligations and goals set by the EMIR regulation."
UCITS,"UCITS stands for ""Undertakings for Collective Investment in Transferable Securities."" Within the context of EMIR, it refers to investment funds that comply with a specific European Union regulatory framework designed to provide a high level of investor protection. UCITS are known for their liquidity and transparency, allowing them to be marketed across EU member states while adhering to strict investment and operational requirements."
EBA,"The EBA, or European Banking Authority, is an independent EU authority that works to ensure effective and consistent banking regulation across the European Union. Within the context of EMIR, the EBA plays a key role in developing technical standards and guidelines that enhance the implementation and oversight of derivatives trading, thereby promoting financial stability and transparency in the EU financial markets."
EIOPA,"EIOPA stands for the European Insurance and Occupational Pensions Authority. It is a regulatory body of the European Union that aims to ensure effective and consistent regulation and supervision of insurance and pension sectors across member states. While not directly part of EMIR, EIOPA plays a role in the broader financial regulatory framework that includes oversight of risks related to insurance and pensions, which can intersect with derivatives and risk management principles set forth in EMIR."
TFEU,"TFEU stands for the Treaty on the Functioning of the European Union. It is one of the two main treaties that constitute the constitutional basis for the European Union, alongside the Treaty on European Union (TEU). Within the context of EMIR, the TFEU provides the legal framework that underpins EU legislation, including financial regulations like EMIR, affecting the functioning of the internal market and ensuring compliance with competition laws."
IORP,"IORP stands for Institutions for Occupational Retirement Provision. Within the EMIR regulatory framework, IORPs are pension funds that manage assets for employee retirement benefits and are subject to specific regulatory requirements to ensure the protection of beneficiaries' interests and the stability of the financial system. EMIR has implications for IORPs, particularly regarding their engagement in derivatives trading, which must comply with EMIR reporting, clearing, and risk mitigation standards."
AIF,"AIF stands for Alternative Investment Fund. Within the context of EMIR, AIFs are investment funds that are not covered by the EU's UCITS (Undertakings for Collective Investment in Transferable Securities) directive. EMIR applies to AIFs particularly when they engage in derivative transactions, as these funds must comply with reporting and risk mitigation requirements set out in the regulation."
AIFM,"AIFM stands for Alternative Investment Fund Manager. Within the context of EMIR, an AIFM is a firm that manages alternative investment funds (AIFs), which include hedge funds, private equity funds, and real estate funds. AIFMs must comply with specific regulatory requirements, including risk management and reporting obligations, to ensure transparency and stability in the financial markets."
AIFMD,"AIFMD stands for the Alternative Investment Fund Managers Directive. It is a European Union regulation that provides a framework for the regulation of managers of alternative investment funds, such as hedge funds and private equity funds. AIFMD aims to enhance investor protection and promote the stability of the financial system by establishing rules for authorization, management, and transparency of alternative investment fund managers."
CCP,"CCP stands for Central Counterparty. In the context of EMIR, a CCP acts as an intermediary between buyers and sellers in derivative transactions, which helps reduce counterparty risk by guaranteeing the trade’s completion. By clearing trades through a CCP, market participants can achieve greater stability and transparency in the financial markets."
CSD,"CSD stands for Central Securities Depository. Within the EMIR regulatory framework, a CSD is an institution that holds and administers securities such as stocks and bonds in electronic form, facilitating their settlement and ensuring the efficient transfer of ownership. CSDs play a crucial role in reducing risk and enhancing the efficiency of securities transactions in the financial markets."
CICI,"CICI stands for CFTC Interim Compliant Identifier. In the context of EMIR, it is a unique identifier used to help ensure transparency in financial transactions by identifying entities involved in OTC (over-the-counter) derivatives markets. The CICI is essential for reporting requirements under EMIR, facilitating better data management and regulatory oversight."
CT,"CT stands for ""Clearing Threshold."" In the context of EMIR, it refers to the thresholds set for the notional amount of derivatives contracts that a counterparty can enter into before they are required to clear those transactions through a central counterparty (CCP). These thresholds are important for determining which entities must comply with EMIR's clearing obligations, ensuring that risks associated with derivatives are managed appropriately."
EMIR,"EMIR, or the European Market Infrastructure Regulation, is a regulation enacted by the European Union aimed at increasing transparency and reducing systemic risks in the derivatives market. It requires market participants to report derivative trades to trade repositories, ensure central clearing for certain derivatives, and manage counterparty risk through risk mitigation techniques. This framework helps promote stability and oversight in the financial markets."
ESMA,"ESMA stands for the European Securities and Markets Authority, an independent EU authority established to enhance investor protection and promote stable and orderly financial markets in the European Union. In the context of EMIR, ESMA plays a crucial role in the regulation of derivatives markets by providing guidelines, ensuring compliance, and supervising central counterparties (CCPs) and trade repositories to enhance transparency and reduce systemic risk."
ETD,"ETD stands for Exchange-Traded Derivatives. Within the EMIR framework, ETDs refer to standardized contracts that are traded on regulated exchanges, such as futures and options. These derivatives are subject to specific reporting, clearing, and risk management requirements under EMIR to enhance transparency and reduce systemic risk in the financial markets."
FC,"In the context of EMIR, ""FC"" stands for ""Financial Counterparty."" This term refers to entities such as banks, investment firms, and insurance companies that engage in financial transactions subject to EMIR regulations. Financial counterparties are required to comply with various EMIR obligations, including reporting trades and clearing certain derivatives through authorized central counterparties (CCPs)."
FC+,"FC+ stands for ""Financial Counterparty Plus."" In the EMIR regulatory framework, this term refers to a category of entities that are considered financial counterparties and are subject to specific EMIR requirements, such as clearing obligations, but that fall into a more complex classification due to their activities or size. Generally, FC+ entities are those that engage in certain types of derivatives trading and may have increased regulatory scrutiny compared to standard financial counterparties."
FX,"FX stands for Foreign Exchange, which refers to the global marketplace where currencies are traded. Within the context of EMIR, FX transactions can involve derivatives that are subject to regulation, requiring reporting and potentially clearing if they meet certain thresholds. EMIR aims to increase transparency and reduce risks associated with these transactions in the financial markets."
MiFID,"MiFID stands for the Markets in Financial Instruments Directive. It is a European Union regulation that aims to increase transparency and enhance the protection of investors in the financial markets. While MiFID primarily governs the trading of financial instruments, it interacts with EMIR by ensuring that derivatives trades are executed and reported transparently, thereby supporting the overall objectives of financial stability and systemic risk reduction."
MTF,"MTF stands for Multilateral Trading Facility. In the context of EMIR, an MTF is a type of trading venue that facilitates the buying and selling of financial instruments among multiple parties, providing a regulated environment for trade execution, similar to a stock exchange but typically with fewer regulatory requirements. MTFs are important for promoting transparency and competition in the financial markets under the broader European regulatory framework."
NCA ,"NCA stands for National Competent Authority. Within the context of EMIR, NCAs are the regulatory bodies in each EU member state responsible for overseeing compliance with the regulation, including the supervision of trade repositories and ensuring that derivatives transactions are reported as required by EMIR. They play a crucial role in monitoring market participants and enforcing EMIR's rules to promote transparency and reduce systemic risk in the derivatives market."
NFC,"NFC stands for Non-Financial Counterparty. In the context of EMIR, it refers to entities that do not engage in financial trading, such as corporations or entities using derivatives for non-hedging purposes. Non-financial counterparties are subject to certain EMIR requirements, including reporting trades and, in some cases, clearing obligations depending on their size and the nature of their derivatives activities."
NFC+,"NFC+ stands for Non-Financial Counterparty category 1. Within the EMIR regulatory framework, NFC+ refers to non-financial entities that exceed certain clearing thresholds for their derivatives transactions and are thus subject to additional reporting and risk management requirements. These entities must comply with provisions similar to those applicable to financial counterparties but are not obliged to clear their trades through a central clearing counterparty (CCP)."
NFC-,"NFC- stands for Non-Financial Counterparty, which refers to entities that are not primarily engaged in financial activities but may still enter into derivative contracts. Under EMIR, NFCs are subject to certain reporting obligations and risk-mitigation measures if their derivatives trading exceeds specified thresholds. This categorization helps regulators monitor and manage risks in the derivatives market without imposing the full set of requirements applicable to financial counterparties."
OTC,"OTC stands for ""Over-the-Counter,"" referring to trading conducted directly between two parties, outside formal exchanges. In the context of EMIR, OTC derivatives are financial contracts that are not traded on regulated exchanges and must adhere to specific reporting, clearing, and risk management requirements to enhance transparency and reduce systemic risk in the financial system."
Q&A,"In the context of EMIR, Q&A refers to ""Questions and Answers"" documents published by the European Securities and Markets Authority (ESMA) to provide clarification on the implementation and requirements of EMIR. These documents aim to address common queries from market participants regarding various aspects of the regulation, ensuring consistent understanding and compliance across the European Union."
RTS,"RTS stands for Regulatory Technical Standards. In the context of EMIR, RTS are detailed rules developed by the European Securities and Markets Authority (ESMA) that specify the technical requirements for implementing EMIR provisions. They cover various aspects, such as reporting obligations, risk mitigation techniques for over-the-counter derivatives, and collateral management."
SPV,"SPV stands for Special Purpose Vehicle. Within the context of EMIR, an SPV is a legal entity created for a specific purpose, such as isolating financial risk or facilitating the management of derivatives transactions. SPVs can play a role in the handling of collateral and counterparty risk under EMIR regulations by allowing organizations to manage their exposures in a more structured manner."
TR ,"TR stands for Trade Repository. In the context of EMIR, a Trade Repository is a centralized database where details of financial trades must be reported. This ensures transparency in the derivatives markets, allowing regulators to monitor market activity and assess systemic risks."
UTI ,"UTI stands for Unique Trade Identifier. In the context of EMIR, it is a unique code assigned to each derivative transaction to facilitate tracking and reporting. The UTI helps ensure that transactions are consistently and accurately reported to trade repositories, enhancing transparency and monitoring in the derivatives market."
DORA,"DORA stands for the Digital Operational Resilience Act, which is a piece of legislation intended to enhance the resilience of the financial sector in the face of digital risks and cyber threats. While it is not part of EMIR, it complements the regulatory framework by establishing requirements for financial entities to ensure they can withstand, respond to, and recover from ICT-related incidents, thereby promoting overall operational resilience in the financial system."
ESA,"ESA stands for European Supervisory Authority. Within the context of EMIR, it refers to one of the regulatory agencies established to oversee and enforce the financial regulations in Europe. Specifically, ESMA (European Securities and Markets Authority) is responsible for enhancing investor protection and promoting stable and orderly financial markets, which includes the supervision of derivatives markets under EMIR."
TPP,"TPP stands for Trade Personal Providers. Within the context of EMIR, TPP refers to the entities that provide services related to the processing and reporting of derivative trades. These providers may include reporting entities, trade repositories, and other intermediaries that facilitate compliance with EMIR's reporting requirements for over-the-counter (OTC) derivatives."
TPRM,"TPRM stands for Third-Party Risk Management. Within the context of EMIR, it refers to the processes and practices that firms must implement to assess and mitigate risks associated with third-party service providers, such as clearing houses and counterparties. Effective TPRM is essential for maintaining compliance and ensuring the stability of the derivatives market under the regulatory framework established by EMIR."
CSP,"CSP stands for Central Securities Depository (CSD) Risk Protection Scheme. Within the context of EMIR, a CSP refers to the measures and systems established to protect participants in the central securities depository services, ensuring the safety and efficiency of clearing and settlement processes for derivatives transactions. It plays a role in mitigating risks associated with counterparty default and settlement failures."
CTPPs,"CTPPs stands for Central Counterparty(s) for Transactions in Provisions and Pensions. Within the EMIR framework, these are institutions that provide clearing services for derivatives transactions, ensuring that the obligations of the parties involved are met even if one party defaults. This enhances the stability of the financial system by reducing counterparty risk."
JOF,"JOF stands for ""Joint Operational Framework,"" which is a step towards enhancing the cooperation between European regulators and relevant authorities in the context of EMIR. It aims to ensure effective supervision and consistent implementation of the EMIR requirements, particularly in managing risks associated with derivatives trading. The JOF fosters collaboration among stakeholders to promote financial stability within the EU."
NIS2,"NIS2 refers to the Directive on Security of Network and Information Systems, which is an update to the original NIS Directive. While not directly part of the EMIR framework, NIS2 enhances cybersecurity measures across the EU, focusing on the resilience of critical infrastructure, including entities involved in financial services. It complements EMIR by promoting secure digital environments essential for the stability of financial markets."
PSD2,"PSD2, or the Revised Payment Services Directive, is a European regulation aimed at enhancing the security of payment transactions and promoting innovation in the payments industry. While not part of EMIR, it complements EMIR's objectives by fostering a more competitive and efficient payment ecosystem, ultimately benefiting financial transactions related to derivatives trading and clearing within the frameworks established by EMIR."
CSIRTs,"CSIRTs, or Computer Security Incident Response Teams, refer to organizations or teams that handle and manage security incidents related to information systems. Within the EMIR framework, CSIRTs may play a role in addressing cybersecurity risks faced by financial market infrastructures and entities involved in derivatives trading, helping to ensure the stability and integrity of the financial system. Their functions include monitoring security threats, responding to incidents, and coordinating with other stakeholders to mitigate risks."
ENISA,"ENISA stands for the European Union Agency for Cybersecurity. While not directly part of EMIR, it plays a crucial role in the broader context of financial regulation by providing guidance and support on cybersecurity aspects, which are increasingly important in the financial markets, including derivatives trading and clearing. EMIR emphasizes the need for participants to manage risks effectively, and ENISA aids in strengthening cybersecurity frameworks in line with such regulations."
PSTN,"PSTN stands for Public Switched Telephone Network. While not directly a part of EMIR, the term relates to traditional telephony systems used for communication, which may intersect with electronic communication requirements in the context of EMIR, particularly for reporting trades and managing risk in derivatives markets. EMIR emphasizes the importance of secure and reliable communication channels for compliance purposes."
POTS,"POTS stands for ""Plain Old Telephone Service,"" but in the context of EMIR, it refers to a practice of processing trades rather than a specific term. Within EMIR, it may refer to how transactions that are not processed through a central counterparty (CCP) may still be reported or managed. However, it is important to note that POTS is not a central term within EMIR and is more associated with traditional telephone communication services. Thus, please clarify if you meant another specific EMIR-related term."
TLPT,"TLPT stands for Trade Lifecycle Processing Timeline. In the context of EMIR, it refers to the structured timeline of processes that a trade goes through from execution to post-trade activities, including reporting, clearing, and settlement. This timeline ensures that trades are managed efficiently and comply with EMIR requirements, enhancing transparency and mitigating counterparty risk in the derivatives market."
G-SIIs,"G-SIIs, or Global Systemically Important Insurers, are insurance companies that are deemed to be of such size and interconnectedness that their failure would have significant negative impacts on the global financial system. Within the EMIR regulatory framework, while G-SIIs are primarily monitored by insurance regulatory frameworks, they may also be subject to additional scrutiny and reporting requirements to ensure systemic risks to the financial industry are managed."
O-SIIs,"O-SIIs stands for Other Systemically Important Institutions. Within the EMIR framework, O-SIIs are financial institutions that are not classified as global systemically important banks (G-SIBs) but still pose a risk to the financial system due to their size, interconnectedness, or complexity. Regulators monitor these institutions closely to mitigate potential systemic risks they may present."
BIA,"BIA stands for ""Business Impact Analysis."" Within the context of EMIR, it refers to a systematic process used by financial institutions to assess the potential impacts of operational disruptions on their business activities, particularly in relation to derivatives trading and risk management. This analysis helps organizations identify critical functions, estimate potential losses, and develop strategies to mitigate risks in compliance with regulatory requirements."
JON,"JON stands for Joint Operations Network. In the context of EMIR, it refers to a collaborative framework used by market participants, including financial institutions, to share information and manage risk associated with derivative transactions. JON facilitates joint efforts to meet reporting and compliance obligations under EMIR."
EGBPI,"EGBPI stands for European Government Bond Purchase Initiative. It is a program aimed at enhancing the functioning of the euro area bond markets, particularly in the context of market distortions and financial stability. While not directly part of EMIR, it relates to broader monetary and fiscal policies that interact with the underlying objectives of EMIR to promote transparency and reduce systemic risk in financial markets."
RSB,"RSB stands for ""Registered Software Provider."" In the context of EMIR, RSBs are entities that provide software solutions for the reporting of derivatives transactions to trade repositories. They play a crucial role in ensuring compliance with EMIR's reporting obligations by enabling firms to accurately report their trades in a standardized manner."
SFD,"SFD stands for Supervisory Financial Data, which refers to the data that financial supervisors and regulators collect to monitor the financial health and risks of entities operating under the EMIR framework. This data is essential for ensuring compliance with EMIR requirements, such as reporting and risk mitigation for over-the-counter derivatives transactions."
MFF,"MFF stands for Multiannual Financial Framework. In the context of the EMIR regulatory framework, it refers to the long-term EU budget that outlines funding priorities and expenditure limits for a period usually spanning seven years. While it doesn’t directly dictate EMIR regulations, it can influence the resources allocated for implementing and enforcing financial market regulations, including those related to derivatives."
OLAF,"OLAF stands for the European Anti-Fraud Office (Office Européen de Lutte Anti-Fraude). Within the context of EMIR, OLAF plays a role in ensuring the integrity of the European Union's financial interests by investigating fraud, corruption, and misconduct related to EU funds and activities, which can include areas affected by financial regulations like EMIR. It aims to improve the effectiveness of the EU's financial management and protect against potential fraud in financial markets."
CIISI-EU,"CIISI-EU stands for the Central Securities Depository Regulation (CSDR) Internal Issuer's Information System for the European Union. Within the framework of EMIR, CIISI-EU is designed to enhance the transparency and management of securities, providing regulators and market participants with better access to information about securities issued in the EU. It also aids in compliance with reporting obligations under EMIR."
CSIRTS,"CSIRTs, or Computer Security Incident Response Teams, are specialized groups responsible for managing and responding to cybersecurity incidents within organizations or sectors. Under the EMIR framework, which emphasizes risk management and transparency in financial markets, these teams play a critical role in ensuring the security and resilience of trading infrastructures and reducing the impact of cybersecurity threats on financial stability."
T2S,"T2S (TARGET2-Securities) is a European platform that facilitates the settlement of securities transactions throughout Europe in a harmonized manner. It aims to provide a single and efficient settlement infrastructure to reduce costs and risks associated with cross-border securities transactions, thereby enhancing the overall stability and integration of European financial markets, in line with the objectives of EMIR and broader EU financial regulation."
TIPS,"TIPS stands for Target Instant Payment Settlement, a European payments system designed to enable real-time, 24/7 money transfers between bank accounts. Within the EMIR framework, TIPS facilitates efficient settlement of financial transactions, particularly for derivatives trades, by ensuring that payments occur instantaneously and reduce counterparty risk. This supports the overall goal of improving the safety and efficiency of the financial market infrastructure."
FMIs,"FMIs stands for Financial Market Infrastructures. Within the context of EMIR, FMIs include organizations such as clearing houses, payment systems, and trade repositories that facilitate and help manage financial transactions. EMIR emphasizes the importance of these infrastructures in ensuring the stability and transparency of the over-the-counter (OTC) derivatives market."
SSM,"SSM stands for Single Supervisory Mechanism. It is a system established by the European Union to supervise banks within the euro area and ensure their safety and soundness. Under EMIR, SSM plays a crucial role in overseeing the compliance of credit institutions with regulatory requirements, including those related to derivatives transactions."
TIBER-EU,"TIBER-EU stands for the Tiber European Framework, which is an initiative designed to enhance the resilience of the financial sector against cyber threats. It provides a structured approach for financial institutions to conduct intelligence-led testing of their cyber security defenses, thereby ensuring compliance with EMIR requirements related to operational risk and business continuity in the context of increasing digital vulnerabilities."
TCT,"TCT stands for Trade Confirmation Trade, which refers to the process of verifying and confirming the details of a transaction between counterparties in the derivatives market. Under EMIR, timely confirmation of trades is crucial to ensure transparency and reduce counterparty risk in line with the regulation's requirements for reporting and risk mitigation."
DOI,"DOI stands for ""Delegated Reporting of Over-the-Counter Derivatives."" Within the EMIR framework, it refers to the process where one party to a derivative transaction can delegate the responsibility of reporting the details of that trade to a third party, often a service provider or counterparty. This aims to simplify compliance with reporting obligations while ensuring that all necessary information is reported to the relevant trade repository."
DG AGRI,"DG AGRI refers to the Directorate-General for Agriculture and Rural Development, which is part of the European Commission. While it is not specifically focused on EMIR, DG AGRI plays a role in shaping agricultural policies and rural development within the EU, impacting the agricultural sector which can be indirectly affected by financial regulations like EMIR that govern derivatives trading and risk management."
EGTOP,"EGTOP stands for the “Expert Group on Taxonomy of Financial Products.” Within the context of EMIR, EGTOP provides expert advice to the European Commission regarding the classification and taxonomy of financial instruments under the regulation. This is essential for maintaining clarity and consistency in the reporting and processing of derivatives transactions as required by EMIR."
SCA,"SCA stands for Strong Customer Authentication. Within the context of EMIR, SCA refers to the requirement for financial institutions to implement robust verification processes to ensure that transactions are authorized by the rightful user. This is particularly relevant in the context of electronic trading and other financial transactions to enhance security and reduce fraud risks."
INSEE,"INSEE stands for ""Interbank Network for Securities Execution and Exchange."" Within the context of EMIR, it refers to a network that facilitates the secure exchange and execution of transactions involving over-the-counter (OTC) derivatives. It plays a crucial role in ensuring the transparency and efficiency of these transactions under the regulatory framework established by EMIR."
RRF,"RRF stands for Regulatory Reporting Framework. In the context of EMIR, it refers to the set of rules and standards that entities must follow to report transactions and positions related to derivatives to trade repositories. The RRF aims to enhance transparency in the derivatives market and facilitate effective oversight by regulatory authorities."
SDGs,"SDGs stands for Sustainable Development Goals. While not directly part of the EMIR regulatory framework, the SDGs are a set of 17 global goals established by the United Nations to address various social, economic, and environmental challenges. In the context of EMIR, achieving sustainable finance can align with these goals, as EMIR promotes transparency and stability in the derivatives market, contributing to broader financial integrity and sustainability efforts."
RP,"In the context of EMIR, ""RP"" stands for ""Reporting Party."" This is the entity responsible for submitting details of derivatives transactions to a trade repository, ensuring compliance with EMIR's reporting requirements to enhance transparency in the derivatives market. The reporting party is typically the counterparty to the transaction, but it can be designated by agreement between the parties involved."
EMU,"EMU stands for Economic and Monetary Union, which is a group of European Union (EU) member states that have adopted a single currency, the euro, and coordinate their economic policies. Within the context of EMIR, EMU is significant because it encompasses financial stability measures that impact derivatives markets, requiring member states to comply with EMIR regulations to enhance transparency and reduce systemic risks in financial transactions."
CSOs,"CSOs, or Central Securities Organizations, are entities that play a crucial role within the EMIR framework by providing clearing services for over-the-counter (OTC) derivatives. They ensure the efficient and secure clearing of transactions, helping to mitigate counterparty risk and enhance market stability. CSOs are often referred to as Central Counterparties (CCPs) when they function as intermediaries between buyers and sellers in the derivatives market."
NRRPs,"NRRPs stands for Non-Retail Repurchase Agreements. Within the context of EMIR, NRRPs refer to a type of transaction involving the sale and subsequent repurchase of securities, where the counterparties are typically institutional entities rather than individual retail investors. EMIR aims to increase transparency and reduce systemic risk in these markets, requiring reporting and counterparty risk mitigation measures for such agreements."
OCS,"OCS stands for ""Operational Continuity and Resilience."" Within the EMIR framework, it refers to requirements and measures that ensure that central counterparty clearing houses (CCPs) can maintain their operations and manage risks effectively, particularly during periods of market stress or disruptions. This includes having robust processes in place for recovery and continuity of critical functions."
EPPO,"EPPO stands for the European Payment Institutions and E-money Providers Organization. Within the context of EMIR, EPPO is involved in representing payment institutions and electronic money institutions, which could be affected by EMIR regulations. Although primarily focused on payment services, understanding EPPO’s role helps in comprehending how various financial entities interact with EMIR regulations regarding clearing and reporting obligations."
CPSR,"CPSR stands for Clearing Portfolio and Systematic Risk. In the context of EMIR, it refers to the framework that enables the assessment and management of risks arising from derivative transactions that are cleared through central counterparties (CCPs). The CPSR aims to enhance the stability and transparency of the financial system by ensuring that risks associated with derivatives trading are effectively monitored and mitigated."
DCMA,"DCMA stands for Derivative Clearing Member Association. Within the EMIR framework, it refers to an association of clearing members that facilitates discussions and sharing of best practices among its members regarding the clearing of derivatives. The DCMA aims to promote standardization and efficiency in the clearing process, helping to ensure compliance with EMIR's clearing obligations."
ACO,"ACO stands for ""Authorized Clearing Organization."" Within the context of EMIR, an ACO is a clearing house authorized by a national regulator to provide clearing services for derivatives. ACOs play a crucial role in ensuring the stability of the financial system by helping to manage counterparty risk through the centralized clearing of standardized derivative contracts."
CAR,"CAR stands for Clearing Access Requirements. Within the EMIR regulatory framework, these are criteria and standards that entities must meet to access a central counterparty (CCP) for clearing their OTC derivatives trades. CAR ensures that both the CCP and the clearing members maintain sufficient standards to reduce systemic risk in the derivatives market."
CAP,"In the context of EMIR, CAP refers to the ""Clearing Obligation for non-centrally cleared derivatives."" This obligation mandates that certain derivatives contracts must be cleared through a central counterparty (CCP) to reduce counterparty risk and enhance market stability. The CAP is part of EMIR's broader aim to improve transparency and reduce systemic risk in the derivatives market."
Overall performance,
