questions,answers
AWC,"AWC stands for ""Annual Work Plan"" in the context of EMIR. It is a document developed by the European Securities and Markets Authority (ESMA) outlining the priorities and tasks for the upcoming year, including activities related to the oversight and implementation of EMIR provisions, aimed at enhancing market integrity and investor protection. This plan helps ensure that regulatory objectives are met efficiently and effectively throughout the year."
AUV,"AUV stands for Average Unsecured Volume. In the context of EMIR, it refers to the average volume of transactions that are not backed by collateral or guarantees over a specified period. This metric is important for risk assessment and helps regulators understand the exposure levels in derivatives markets."
AMT,"AMT stands for ""Approved Reporting Mechanism."" In the context of EMIR, it refers to a system or service that facilitates the reporting of derivatives transactions to a trade repository, ensuring that the data is submitted in compliance with regulatory requirements. This mechanism plays a crucial role in enhancing transparency in the derivatives market."
APY,"APY stands for Annual Percentage Yield. Within the context of EMIR, it refers to the total amount of interest earned on an investment or savings account in a year, expressed as a percentage, taking into account the effect of compounding. While APY is primarily used in banking and finance, it can be relevant for market participants considering the financial returns on derivative transactions or collateral management under EMIR requirements."
AML,"AML stands for Anti-Money Laundering. Within the context of EMIR, AML refers to regulations and procedures aimed at preventing the illegal transfer of funds through financial markets, ensuring that transactions related to derivatives do not facilitate money laundering activities. EMIR requires entities to comply with AML measures to enhance market integrity and protect against financial crime."
AUM,"AUM stands for ""Assets Under Management."" In the context of EMIR, AUM refers to the total market value of assets that a financial institution, such as a fund or a bank, manages on behalf of its clients. This metric is significant as it can affect the institution's regulatory obligations under EMIR, particularly regarding risk management and reporting of derivatives."
AIR,"AIR stands for the Automated Internal Reporting. Within the EMIR framework, it refers to the systemical processes and tools used by counterparties to automate the reporting of derivatives transactions to trade repositories. This ensures compliance with EMIR's reporting obligations, enhancing transparency and reducing manual errors in the reporting process."
ADTV,"ADTV stands for Average Daily Trading Volume. In the context of EMIR, ADTV is often used to assess the liquidity of financial instruments, helping regulators determine reporting requirements and the classification of entities involved in derivative transactions. A higher ADTV indicates more trading activity, which can lead to different regulatory obligations under EMIR."
CAPM,"CAPM stands for Capital Asset Pricing Model. While it is primarily a financial model used to determine the expected return on an asset based on its systemic risk, it does not directly relate to EMIR. However, understanding CAPM can be relevant for financial institutions evaluating the risk and return of their derivatives in accordance with EMIR, which aims to enhance transparency and reduce risk in the over-the-counter derivatives market."
COD,"COD stands for ""Collateral Operational Document."" Within the EMIR framework, it refers to documentation that outlines the collateral management processes between counterparties involved in derivatives transactions. This document is essential for ensuring that both parties understand their obligations regarding collateral, thereby mitigating counterparty credit risk."
CAGR,"CAGR stands for Compound Annual Growth Rate. It is a measure used to calculate the mean annual growth rate of an investment over a specific time period, assuming the investment grows at a steady rate. While not specific to EMIR, CAGR can be relevant in assessing the growth and performance of financial products affected by EMIR regulations, such as derivatives."
CPI,"CPI stands for Collateralized Portfolios Index. In the context of EMIR, it refers to a benchmark used to measure the performance of collateralized portfolios, which may include derivatives subject to EMIR's clearing obligations. This index helps market participants assess and manage the risk associated with their OTC derivatives transactions."
CDSC,"CDSC stands for Credit Default Swap Counterparty. In the context of EMIR, it refers to the entity involved in credit default swap transactions that must comply with the regulation's requirements for reporting, clearing, and risk mitigation. EMIR aims to increase transparency and reduce systemic risk in the derivatives market, including those involving CDSCs by enforcing stringent margin and collateral requirements."
CE,"CE stands for ""Counterparty Exposure"" under the EMIR framework. It refers to the risk that a counterparty in a derivative transaction may default before the transaction is settled. EMIR requires financial institutions to calculate and manage their counterparty exposure to mitigate systemic risk in the financial markets."
CNS,"CNS stands for Centralised Netting System. Within the context of EMIR, it refers to a system that centralizes the netting of transactions among multiple counterparties, reducing the number of individual payments necessary and thereby minimizing systemic risk. CNS helps in enhancing the efficiency and transparency of clearing processes, which is a key objective of EMIR."
DVP,"DVP stands for Delivery Versus Payment. In the context of EMIR, it refers to a settlement mechanism that ensures the transfer of securities occurs simultaneously with the payment for those securities. This helps mitigate the risk of either party defaulting, as the transaction is completed only when both conditions (delivery of securities and payment) are fulfilled."
RVP,"RVP stands for ""Receive Versus Payment."" In the context of EMIR, RVP refers to a settlement mechanism where the transfer of securities occurs simultaneously with the payment for those securities. This reduces counterparty risk, as the buyer only receives the securities after payment has been made, thereby enhancing the safety and efficiency of securities transactions."
DMA,"DMA stands for Direct Market Access. In the context of EMIR, it refers to arrangements that allow clients to access trading venues directly through a broker's infrastructure, enabling quicker execution of trades without intermediary action. This access must comply with EMIR regulations to ensure proper risk management and reporting processes are in place."
DCF,"DCF stands for ""Discounted Cash Flow."" In the context of EMIR, it refers to a valuation method used to estimate the value of a financial asset or a derivative by projecting its future cash flows and discounting them back to present value using an appropriate discount rate. This analysis helps financial institutions assess the fair value of derivatives in compliance with EMIR's risk management and reporting requirements."
DDM,"DDM stands for ""Direct Debiting Mechanism."" In the context of EMIR, it refers to the process by which payments, such as margin calls or fees, are directly debited from a party's bank account to ensure compliance with the financial obligations arising from derivatives transactions. This mechanism is part of the broader effort to enhance the transparency and stability of the derivatives market, as mandated by EMIR."
DPS,"DPS stands for ""Daily Position Reporting."" Under EMIR, DPS refers to the requirement for counterparties to report their derivative positions on a daily basis to ensure transparency and effective risk monitoring in the derivatives markets. This reporting helps regulators oversee market stability and helps identify the buildup of systematic risk."
DBA,"DBA stands for ""Derivatives Bilateral Agreement."" In the context of EMIR, it refers to an agreement between two counterparties to cover the clearing and reporting obligations for derivatives transactions. DBAs help ensure compliance with EMIR standards, particularly concerning the management of counterparty credit risk and the transparency of derivatives markets."
DCA,"DCA stands for Defaulting Counterparty Avoidance. Within the EMIR regulatory framework, it refers to measures and procedures that aim to prevent the occurrence of default events among counterparties involved in over-the-counter (OTC) derivative transactions. Effective DCA strategies help maintain market stability and reduce systemic risk by ensuring that counterparties can manage their exposures and obligations properly."
DK,"DK stands for ""Documentation and Confirmation."" Within the context of EMIR, it refers to the processes and requirements for the timely documentation of derivative transactions and confirmation of trade details between counterparties. This is crucial for ensuring transparency and regulatory compliance in the derivatives market."
DUI,"DUI stands for ""Derivative User Interface"" in the context of EMIR. It refers to the tools and platforms used by market participants to manage and report derivative transactions in compliance with EMIR requirements. This interface aids users in ensuring transparency and adherence to the regulatory obligations set forth by EMIR for derivatives trading."
DWI,"DWI stands for ""Data Warehouse Initiative"" within the context of EMIR. It refers to a framework established to collect and store trade data from derivatives transactions. This initiative aims to enhance transparency and reduce systemic risk in the financial markets by providing regulators with necessary data for monitoring and analysis."
EED,"EED stands for the European Economic Area (EEA) and its inclusion in the EMIR context refers to the region that encompasses EU member states and certain non-EU countries that participate in the single market. However, if you meant a different term related to EMIR, please clarify, as EED could also refer to other regulations or directives within European financial legislation."
FMCE,"FMCE stands for ""Futures Market Clearing Entity."" Within the context of EMIR, FMCE refers to a central counterparty that facilitates the clearing of derivatives transactions in the futures market. This ensures that both parties in a trade fulfill their obligations, thus reducing counterparty risk and enhancing market stability."
FFI,"FFI stands for Financial Firm Identification. In the context of EMIR, it refers to the unique identifier assigned to financial entities that engage in derivatives trading. This identification is important for regulatory reporting and helps ensure transparency and efficiency in the financial markets."
GTC,"GTC stands for ""Global Trade Repository."" In the context of EMIR, GTC refers to the platforms where derivatives trading data must be reported to enhance transparency in the over-the-counter derivatives market. These repositories collect and maintain records of derivative transactions, helping regulators monitor systemic risks and ensure compliance with EMIR reporting requirements."
GSEs,"GSEs, or Government-Sponsored Enterprises, are financial services corporations created by the U.S. Congress to enhance the flow of credit in specific sectors of the economy. They play a role in the financial markets by providing liquidity, stability, and access to capital, particularly in housing and agriculture. In the context of EMIR, GSEs may be relevant as counterparties in derivatives transactions, but they are primarily governed by U.S. regulations rather than EMIR itself."
GDP,"GDP stands for Gross Domestic Product, which measures the total value of all goods and services produced within a country's borders over a specific period, typically annually or quarterly. While it is a key economic indicator, GDP itself is not a term directly related to EMIR, as EMIR primarily focuses on the regulation of over-the-counter derivatives markets in the European Union to increase transparency and reduce systemic risk."
GNP,"In the context of EMIR, GNP typically refers to ""Gross Notional Principal."" It represents the total nominal value of all outstanding derivatives contracts, indicating the scale of the derivatives market. It is important as regulators use it to assess market risk and ensure that financial institutions are adequately capitalized and compliant with EMIR's requirements."
GARP,"GARP stands for the Global Association of Risk Professionals. Within the context of EMIR, GARP is significant as it provides education and resources related to risk management, which is crucial for financial institutions to comply with the regulations regarding risk mitigation in derivatives trading. GARP offers certifications and professional development opportunities that help professionals understand and implement EMIR's requirements effectively."
GMIB,"GMIB stands for ""Generic Margining Interface for Bilateral trades."" Within the EMIR framework, it refers to standard procedures and systems used for the calculation and exchange of margin between counterparties involved in bilateral derivatives transactions. The GMIB aims to enhance the efficiency and transparency of margin requirements, ensuring that adequate collateral is held to mitigate counterparty risk."
GMWB,"GMWB stands for Guaranteed Minimum Withdrawal Benefit. In the context of EMIR, it refers to a financial instrument typically found in insurance and investment products. While not directly regulated under EMIR, understanding GMWB is important for firms engaging in derivatives that may be used to hedge such products against market risks."
GMAB,"GMAB stands for ""Guaranteed Minimum Account Balance."" Within the context of EMIR, it refers to a feature in certain financial products that ensures a minimum balance will be maintained, which can help in managing counterparty risk associated with derivative transactions. It is important for financial institutions to assess GMAB to ensure compliance with the risk mitigation requirements set out under EMIR."
IOI,"IOI stands for ""Indication of Interest."" In the context of EMIR, it refers to a preliminary signal from a market participant regarding their interest in executing a trade or participating in a transaction involving derivatives. IOIs are often used in the over-the-counter (OTC) market, allowing firms to gauge interest before formalizing a deal, which can enhance liquidity and transparency in line with EMIR's goals."
IT,"In the context of EMIR, ""IT"" refers to Information Technology, which encompasses the use of computer systems and software for processing and managing financial data and reporting obligations. EMIR requires entities to implement robust IT systems to ensure compliance with regulations such as trade reporting, risk mitigation, and the management of derivatives transactions. Proper IT infrastructure is essential for timely data submission and to maintain market integrity."
IRC,"IRC stands for Incremental Risk Charge. Within the EMIR framework, it is a capital requirement that financial institutions must hold to cover potential losses from incremental credit risk in their trading portfolios, particularly for positions that do not have a well-defined market price. This ensures that firms maintain sufficient capital buffers to manage risks associated with their trading activities, contributing to overall financial stability."
LOA,"LOA stands for 'Letter of Authorization.' In the context of EMIR, it is a document that allows one party to authorize another party to act on its behalf regarding derivative transactions, particularly in relation to reporting obligations. This is crucial for ensuring compliance with EMIR's requirements for transaction reporting to trade repositories."
LOI,"LOI stands for Letter of Intent. In the context of EMIR, it refers to a document that signifies a party's preliminary commitment to enter into a derivative transaction or to clear transactions through a central counterparty (CCP). While it expresses intent, an LOI is not a legally binding contract but serves to outline the basic terms and conditions expected in future agreements related to derivatives."
LBO,"In the context of EMIR, LBO stands for ""Leveraged Buyout."" This refers to the acquisition of a company using a significant amount of borrowed money to meet the cost of acquisition. Under EMIR, LBO transactions often need to be reported since they can result in increased counterparty risk in derivatives transactions, requiring compliance with reporting and clearing obligations."
LIHTC,"LIHTC stands for Low-Income Housing Tax Credit. However, it is not directly related to the EMIR framework, which primarily focuses on regulations for over-the-counter derivatives markets in the EU. LIHTC is a U.S. program designed to incentivize the development of affordable rental housing for low-income individuals and families. If you have a term specifically related to EMIR, please ask!"
MICR,"MICR stands for Market Infrastructure Regulation. In the context of EMIR, it refers to the regulatory framework established to enhance the stability and transparency of financial markets by mandating the reporting, clearing, and risk mitigation of over-the-counter (OTC) derivatives. It aims to reduce systemic risks and improve market integrity following the financial crisis of 2007-2008."
MPID,"MPID stands for Market Participant Identifier. In the context of EMIR, it is a unique identifier assigned to entities that participate in financial markets, such as trading venues or clearinghouses. MPIDs help improve transparency and facilitate the reporting of trades and derivatives transactions to trade repositories, thereby supporting regulatory oversight."
MNPI,"MNPI stands for ""Material Non-Public Information."" In the context of EMIR, it refers to information that has not yet been made public and could significantly impact the price of financial instruments. Under EMIR and related market regulations, handling MNPI appropriately is crucial to prevent insider trading and ensure market integrity."
M&A,"M&A stands for mergers and acquisitions, which refers to the processes where companies combine (mergers) or one company buys another (acquisitions). While M&A is a broader business concept, at times it can intersect with EMIR when the resulting entity from such transactions deals in derivatives, as this may require new compliance with EMIR regulations related to trade reporting, risk mitigation, and clearing obligations."
M&E,"M&E stands for Margin and Exposure. In the context of EMIR, it refers to the practices and measures used to manage the potential credit risk arising from derivatives trades by calculating the margin requirements (collateral) that must be posted to secure trades against default, as well as assessing the exposure involved in those trades. This is essential for ensuring financial stability and reducing systemic risk in the derivatives market."
NBBO,"NBBO stands for National Best Bid and Offer. In the context of EMIR, it refers to the best available prices for buying and selling a financial instrument across different venues. EMIR emphasizes transparency in derivatives trading, and NBBO helps ensure that market participants have access to the best pricing, thereby enhancing market efficiency."
NBB,"NBB stands for the National Bank of Belgium. Within the context of EMIR, the NBB is responsible for overseeing the implementation of EMIR regulations in Belgium, including monitoring compliance with reporting requirements and ensuring the stability of the financial system in relation to derivatives markets. It plays a key role in the regulation and supervision of financial institutions and market participants operating in Belgium."
NBO,"NBO stands for Non-Bank Originators, which refers to entities that engage in derivatives trading but are not traditional banking institutions. Under the EMIR framework, NBOs are subject to specific reporting obligations and clearing requirements to enhance transparency and mitigate risks in the derivatives market. These requirements aim to ensure that all market participants, including non-banking entities, contribute to the stability of the financial system."
NAV,"NAV stands for Net Asset Value. In the context of EMIR, it refers to the total value of an investment fund's assets minus its liabilities, representing the value of each share or unit in the fund. NAV is important for transparency in derivatives trading and risk management, as it helps in assessing the financial health of market participants, particularly in relation to collateral requirements."
OBA,"OBA stands for ""Order Book Activity."" In the context of EMIR, it refers to the activity related to the trading of derivatives that is recorded on an order book. This is significant for reporting obligations under EMIR, as firms must accurately report their derivatives trades to maintain transparency and mitigate systemic risk in the European financial markets."
OTC,"OTC stands for Over-The-Counter, referring to financial instruments that are traded directly between two parties rather than through a centralized exchange. Within the context of EMIR, OTC derivatives must be reported to trade repositories, and many must be cleared through central counterparties (CCPs) to enhance transparency and reduce systemic risk in the financial system."
POD,"POD stands for Portfolio Compression, which is a risk management technique under the EMIR framework. It involves the reduction of the number of outstanding derivatives transactions without changing the economic exposure, thereby helping to decrease counterparty risk and capital requirements for financial institutions. This process is often facilitated by third-party service providers who match and offset trades among multiple parties."
PCE,"PCE stands for ""Potential Credit Exposure."" In the context of EMIR, it refers to the estimation of potential future credit exposure that a derivatives transaction might present to a counterparty. PCE is a critical component in calculating capital requirements and ensuring adequate risk management practices for central counterparties (CCPs) and financial institutions involved in derivatives trading."
PII,"PII stands for Personally Identifiable Information. Within the context of EMIR, PII refers to any data that can be used to identify an individual, such as names, addresses, or identification numbers, which must be handled with care and protected to ensure compliance with privacy regulations. EMIR emphasizes the need for proper data processing and reporting standards, including the safeguarding of PII related to trades and counterparties."
PPI,"PPI stands for Pledged Pooling Index. In the context of EMIR, it refers to a measure that may be used to assess the creditworthiness of counterparties involved in derivative transactions. It plays a role in determining collateral requirements and mitigating counterparty risk in derivative markets, helping to ensure financial stability."
POP,"POPs, or Positions of Particular Interest, refer to specific positions in derivatives markets that are closely monitored by regulators under EMIR. These positions may indicate potential risks to market stability and are assessed to ensure compliance with EMIR's requirements for transparency and risk mitigation in derivatives trading."
REMIC,"REMIC stands for Real Estate Mortgage Investment Conduit. While it is not directly part of the EMIR framework, it pertains to the broader context of financial markets as it represents a type of special purpose vehicle that holds mortgages and issues mortgage-backed securities. These vehicles are subject to various financial regulations, including those that may be influenced by EMIR's overarching goals of enhancing transparency and reducing systemic risk in derivatives markets."
RSL,"RSL stands for ""Risk Significance Level."" In the context of EMIR, it refers to a classification used to assess the risk associated with counterparties and transactions in derivatives markets. The RSL helps regulators and market participants determine the necessary level of oversight and the compliance measures required to mitigate systemic risk."
RMD,"RMD stands for Recovery Margining Document. Within the EMIR framework, it refers to a document used between counterparties to outline the margining provisions applicable to non-centrally cleared trades. It serves to enhance the calculation and management of collateral to mitigate counterparty risk, ensuring that parties maintain adequate margin levels throughout the lifecycle of their trades."
ROA,"ROA stands for Reporting Obligation Assessment. Within the context of EMIR, it refers to the requirement for entities to assess their obligations to report derivatives transactions to a trade repository. This is part of the broader aim of EMIR to increase market transparency and mitigate systemic risk in the derivatives market."
SIE,"SIE stands for ""Systemically Important Entity."" Within the context of EMIR, it refers to a financial institution or entity that is deemed significant to the stability of the financial system. These entities often face stricter regulatory requirements due to their potential impact on the overall market and systemic risks."
SCP,"SCP stands for Standardised Client Portfolio. In the context of EMIR, it refers to a standardized way of managing and reporting portfolios of derivative contracts held by clients, which facilitates regulatory compliance and oversight. This standardization helps streamline the reporting processes and enhances transparency in the derivatives market, aligning with EMIR's objectives of reducing systemic risk."
TIF,"TIF stands for ""Transaction Information Framework."" In the context of EMIR, it is a standardized format used for reporting derivatives trades to ensure transparency and effective regulation. The TIF aims to facilitate the exchange of data between reporting entities and trade repositories, helping regulators and market participants access and analyze market activities efficiently."
TBE,"TBE stands for Trade Repository EMIR, which refers to a centralized database where details of derivative contracts are reported under the European Market Infrastructure Regulation (EMIR). Trade repositories play a crucial role in enhancing transparency in the derivatives market by collecting and storing data on trades so that regulatory authorities can monitor systemic risk and enforce compliance with EMIR requirements."
TIC,"TIC stands for ""Trade Information Code."" In the context of EMIR, it refers to a unique identifier used to tag and report trades to trade repositories. This code helps ensure accurate and efficient trade reporting, facilitating transparency and monitoring of derivatives markets within the EU."
TBA,"TBA stands for ""To Be Announced."" In the context of EMIR, it refers to a type of transaction in which the buyer and seller agree on the essential terms of a trade, such as the price and quantity of the financial instrument, but do not specify the exact details of the instrument (like its identity) at the time of the agreement. In EMIR, TBA transactions need to be reported to a trade repository as part of the regulation's aim to enhance transparency in the financial markets."
TAM,"TAM stands for Transaction Access Method. In the context of EMIR, it refers to the technical process that allows reporting entities to electronically submit their derivative transaction data to a trade repository. This ensures compliance with EMIR's obligation for transparency and risk mitigation in the derivatives market."
TOD,"TOD stands for ""Transaction Order Data,"" which is a requirement under the EMIR framework. It refers to the detailed data that must be reported to trade repositories regarding derivative transactions, including information like the parties involved, the type of derivative, and the transaction details, to enhance transparency and risk management in the derivatives market."
VWAP,"VWAP stands for Volume Weighted Average Price. In the context of EMIR, it is a trading benchmark that reflects the average price a security has traded at throughout the day, based on both volume and price. VWAP is often used by traders to gauge market direction and for executing large orders in a way that minimizes market impact."
WAM,"WAM stands for ""Weighted Average Maturity."" Within the context of EMIR, it refers to the average time until the cash flows from a portfolio of derivatives are due, weighted by their respective cash flows. Monitoring WAM helps regulators and market participants assess the maturity profile of their derivative exposures, which is important for understanding risks related to liquidity and market fluctuations."
WKSI,"WKSI stands for Well-Known Seasoned Issuer. While primarily a term used in U.S. securities regulations, in the EMIR context, it refers to issuers that qualify for streamlined disclosure and registration requirements when issuing securities. WKSIs must have a substantial track record and meet specific criteria, which can impact their ability to access capital markets effectively, although this term is less commonly discussed within the specific regulatory framework of EMIR."
WORM,
