definitions,answers
technical support,"In the context of EMIR, technical support refers to the assistance provided to reporting entities and other participants to help them comply with regulatory requirements regarding trade reporting, risk management, and central clearing of derivatives. This support may include guidance on data formats, software tools, and reporting procedures to ensure compliance with EMIR standards and enhance overall operational efficiency."
national authority,"In the context of EMIR, a national authority refers to the regulatory body in an EU member state responsible for overseeing the implementation and enforcement of EMIR provisions. These authorities ensure compliance with EMIR requirements among market participants, including derivatives trading and reporting obligations, and may include entities like national central banks or financial supervisory agencies."
Union funds,"Union funds refer to financial resources provided by the European Union to support various projects and initiatives across its member states. Within the context of EMIR, these funds may be used to promote compliance with regulatory requirements related to clearing and reporting of derivatives, enhancing market stability and transparency."
international organisation,"In the context of EMIR, an international organization refers to an entity established by multiple countries to address common challenges and facilitate cooperation. These organizations, such as the International Organization of Securities Commissions (IOSCO) or the Financial Stability Board (FSB), play a key role in promoting regulatory standards, enhancing financial stability, and ensuring that derivatives markets operate transparently and efficiently across borders."
international organisation,"In the context of EMIR (European Market Infrastructure Regulation), an international organization refers to an entity that operates globally and is established by a treaty or agreement between member countries. These organizations, such as the International Monetary Fund (IMF) or the Bank for International Settlements (BIS), often engage in financial oversight and standard-setting activities that can impact derivative markets and the implementation of regulatory frameworks like EMIR."
European Semester for economic policy coordination,"The European Semester is a framework that guides economic policy coordination within the European Union (EU). It involves a cycle of policy planning and implementation, allowing member states to align their economic and budgetary policies with EU-wide goals, ensuring fiscal discipline, and promoting growth and employment. This process supports the objectives of EMIR by ensuring that the financial markets are stable and orderly, which is crucial for effective risk management in derivatives trading."
country-specific recommendations,"Country-specific recommendations are tailored guidance or suggestions provided to individual EU member states by regulatory bodies regarding the implementation of the European Market Infrastructure Regulation (EMIR). These recommendations address specific financial market concerns or compliance issues in each country, aiming to enhance the effectiveness of EMIR's objectives, such as reducing systemic risk and improving transparency in derivatives markets."
the rule of law,"The rule of law is a fundamental principle ensuring that all individuals and institutions, including the government, are accountable to the law. Within the context of EMIR, it underscores the importance of legal frameworks that govern financial activities, ensuring that the standards for market transparency, fairness, and stability are upheld in the regulatory environment. This principle helps maintain trust in the financial system, which is crucial for effective risk management in derivatives markets."
government entity,"A government entity refers to any organization or body that is part of the government structure, including ministries, regulatory agencies, and public authorities. In the context of EMIR, government entities may be involved in regulatory oversight, but are generally exempt from certain EMIR obligations when they engage in derivative transactions, as they may be deemed to have the ability to manage their risks without the same safeguards required of private entities."
selected obliged entity,"A selected obliged entity refers to specific financial institutions or firms that are designated under the EMIR framework to fulfill certain regulatory requirements, such as clearing or reporting obligations related to derivatives. These entities are often subject to enhanced oversight due to their role in the stability of the financial system and may include banks, investment firms, and central counterparties (CCPs) operating in the derivatives markets."
non-selected obliged entity,"A non-selected obliged entity refers to a financial or non-financial institution that is not chosen to be covered under the specific regulatory obligations of EMIR, particularly regarding clearing and reporting requirements. Under EMIR, certain entities are identified as ""obliged entities,"" meaning they must comply with regulations related to over-the-counter (OTC) derivatives. Those that are not selected or do not meet the criteria may not face the same level of regulatory scrutiny, although they must still adhere to general market conduct rules."
AML/CFT supervisory system,"The AML/CFT supervisory system refers to the regulatory framework that monitors and ensures compliance with anti-money laundering (AML) and countering the financing of terrorism (CFT) regulations. Within the context of EMIR, this system is crucial for overseeing financial institutions and entities involved in derivatives transactions to prevent illicit activities and promote financial stability. Supervisors assess the adequacy of measures taken by firms to detect and report suspicious activities, thereby safeguarding the financial market infrastructure."
non-AML/CFT authority,"A non-AML/CFT authority refers to a regulatory or supervisory body that does not focus on Anti-Money Laundering (AML) or Counter-Financing of Terrorism (CFT) measures. Within the context of EMIR, these authorities might include those overseeing market infrastructure or securities, instead of specifically addressing the risks of money laundering and terrorist financing, which are the purview of financial intelligence units and similar organizations."
crypto-asset,"A crypto-asset is a digital representation of value that is based on blockchain technology and can be traded, transferred, or stored electronically. Within the EMIR framework, crypto-assets are relevant as they may represent financial instruments, subjecting them to regulatory oversight and requirements regarding transparency, reporting, and risk management, especially when used in derivative transactions."
electronic money token,"An electronic money token (EMT) is a digital representation of fiat currency issued by an electronic money institution, which can be used for payment transactions. Within the EMIR regulatory framework, EMTs can facilitate trade and settlement processes while meeting standards for stability and consumer protection. EMTs are designed to be easily transferred and used in various digital environments, aligning with overarching financial regulations in the European Union."
crypto-asset exposure,"Crypto-asset exposure refers to the risk that financial institutions or entities face due to their investments in or dealings with cryptocurrencies and other digital assets. Under the EMIR framework, which focuses on the regulation of derivatives, central clearing, and risk mitigation, such exposures may require specific risk management practices and reporting obligations to ensure systemic stability and transparency in financial markets."
traditional asset,"In the context of the EMIR regulatory framework, a traditional asset refers to conventional financial instruments, such as stocks, bonds, and commodities, that are typically traded in established markets. These assets are subject to standard market regulations and are distinct from derivatives and other complex financial products that EMIR primarily addresses by mandating reporting, clearing, and risk management protocols to enhance market transparency and stability."
tokenised traditional asset,"A tokenised traditional asset refers to the representation of a physical or traditional asset, such as real estate, commodities, or financial instruments, using digital tokens on a blockchain. In the context of EMIR, tokenisation can facilitate trading and clearing of these assets by improving transparency, liquidity, and efficiency in the market, while ensuring compliance with regulatory requirements."
centralised information system,"A centralized information system in the context of EMIR refers to a unified platform or database that aggregates and manages data related to derivatives transactions. This system facilitates the reporting and monitoring of trade activities, ensuring compliance with EMIR requirements, enhancing transparency in the derivatives market, and enabling regulators to access and analyze essential market data efficiently."
communication software,"Communication software refers to applications and platforms that facilitate interaction and data exchange between users, using various forms such as text, voice, and video. Within the context of EMIR, effective communication software is crucial for firms to report derivatives transactions accurately and in a timely manner to trade repositories, ensuring compliance with regulatory requirements."
money laundering,"Money laundering is the process of concealing the origins of illegally obtained money to make it appear legitimate. Within the context of EMIR, which regulates derivatives trading in the European Union, preventing money laundering is critical to ensure the integrity of the financial markets and compliance with anti-money laundering (AML) obligations. EMIR's requirements aim to enhance transparency and reduce the risk of financial crimes in the derivatives market."
terrorist financing,"Terrorist financing refers to the process of providing financial support to individuals or groups engaged in terrorist activities. Within the context of the European Market Infrastructure Regulation (EMIR), it is crucial for financial institutions to identify and report any suspicious transactions that could potentially fund terrorism, ensuring compliance with AML (Anti-Money Laundering) regulations and safeguarding the financial system."
criminal activity’,"In the context of EMIR, ""criminal activity"" refers to actions that violate laws and regulations, which can include financial crimes such as fraud, market manipulation, or money laundering within the financial markets. EMIR emphasizes the importance of risk management and compliance to prevent such activities, particularly related to derivative trading and clearing. Ensuring integrity in the markets helps protect investors and maintain overall market stability."
credit institution,"A credit institution, in the context of EMIR, refers to an organization that is authorized to accept deposits or provide loans and is typically a bank or a similar financial entity. These institutions play a crucial role in the financial market by facilitating transactions and providing liquidity, and they are subject to EMIR regulations when engaging in derivatives trading to ensure transparency and risk management."
financial institution,"A financial institution is an organization that provides financial services such as banking, investing, and insurance. Within the EMIR framework, financial institutions include entities like banks, investment firms, and insurance companies that engage in one or more types of financial transactions, including derivatives trading, which EMIR regulates to enhance transparency and reduce systemic risk in the financial markets."
crypto-asset services,"Crypto-asset services refer to activities related to the management, exchange, or storage of crypto-assets, such as cryptocurrencies or tokens. Within the context of EMIR, these services may engage with derivatives or other financial instruments that relate to crypto-assets, requiring compliance with regulatory standards for transparency, risk management, and the reporting of transactions to ensure market integrity."
crypto-asset service provider,"A crypto-asset service provider (CASP) refers to an entity that offers services related to crypto-assets, such as cryptocurrency exchanges, wallet providers, and platforms facilitating crypto trading or transactions. Under the EMIR framework, while CASPs may not be directly regulated by EMIR itself, the evolving regulations around crypto-assets necessitate compliance with related financial regulations to enhance market integrity and consumer protection."
financial mixed activity holding company,"A financial mixed activity holding company is an entity that holds stakes in other financial and non-financial firms, engaging in various activities that mix both types. Under the EMIR framework, such companies are often scrutinized for their potential systemic risk, as their diverse operations might impact the stability of financial markets and require compliance with reporting and clearing obligations for derivatives transactions."
trust or company service provider,"A Trust or Company Service Provider (TCSP) is a business that offers services related to the creation, management, or administration of trusts or companies. Under the EMIR framework, TCSPs may be involved in structuring derivative transactions and need to comply with anti-money laundering (AML) regulations to ensure the integrity of the financial markets they operate in. Their role can include providing directorial services, compliance with regulatory reporting, and safeguarding the interests of the trust or company beneficiaries."
gambling service,"In the context of EMIR, a gambling service refers to any activity that involves betting or wagering on outcomes involving chance, typically facilitated through online platforms or physical locations. While EMIR primarily focuses on derivatives and financial markets, gambling services operate under separate regulations addressing consumer protection, licensing, and anti-money laundering requirements rather than directly under EMIR itself."
crowdfunding intermediary,"A crowdfunding intermediary is an entity that facilitates the process of raising funds from a large number of individuals, typically through online platforms, for various projects or ventures. Within the context of EMIR, while crowdfunding itself is not specifically regulated under EMIR, intermediaries may need to adhere to certain regulatory requirements when they engage in financial transactions, especially if these involve derivatives or other financial instruments covered by EMIR."
establishment’,"In the context of EMIR (European Market Infrastructure Regulation), ""establishment"" refers to a legal entity that has a physical presence in a member state of the European Union. This includes having a registered office or business operations in that state, which allows the entity to be subject to EMIR's reporting and clearing requirements for derivatives markets."
business relationship,"In the context of EMIR, a business relationship refers to an ongoing professional engagement between two parties involved in derivative transactions. This includes interactions with counterparties, central counterparties (CCPs), and trade repositories, which must adhere to specific regulatory obligations under EMIR to ensure transparency and mitigate risks in the derivatives market."
linked transactions,"Linked transactions refer to a series of trades or transactions that are interconnected or dependent on each other. In the context of EMIR, these transactions are often analyzed to assess risk exposure and transparency, as they may involve derivative contracts that could influence market stability or counterparty risk if not disclosed properly. The regulation aims to ensure that such linked transactions are reported to trade repositories to improve oversight and mitigate systemic risks."
third country,"In the context of EMIR, a ""third country"" refers to any country that is not a member of the European Union (EU) or the European Economic Area (EEA). EMIR includes specific provisions for dealing with derivatives transactions involving parties from third countries, ensuring that these transactions comply with EU regulatory standards when they are conducted with EU entities."
correspondent relationship,"A correspondent relationship, in the context of EMIR, refers to a partnership between financial institutions that enables them to facilitate and support cross-border transactions and services. This relationship is crucial for ensuring efficient clearing and settlement of trades, especially in derivatives markets, as it allows parties to access necessary liquidity and risk management services while adhering to EMIR compliance requirements."
shell institution,"In the context of EMIR, a ""shell institution"" refers to an entity that lacks substantial operations or activities, typically existing primarily for regulatory purposes or to meet certain criteria under the law. Such institutions may be used in financial transactions but do not engage in significant business operations, raising concerns about transparency and systemic risk in the financial system."
anonymity-enhancing coins,"Anonymity-enhancing coins refer to cryptocurrencies designed to provide users with enhanced privacy and anonymity during transactions. Unlike traditional cryptocurrencies like Bitcoin, which allow for transaction traceability, these coins utilize technologies such as ring signatures, stealth addresses, and zero-knowledge proofs to obscure the identities of senders and receivers as well as transaction amounts. Within the EMIR framework, the use of such coins may raise concerns about transparency and regulatory compliance due to their potential to facilitate untraceable financial activities."
virtual IBAN,"A virtual IBAN (International Bank Account Number) is a digital bank account identifier that allows businesses to receive payments without needing a physical bank account number for each transaction. Within the EMIR framework, virtual IBANs facilitate efficient cash management and support the requirements for trade reporting and risk management by streamlining payment processes associated with derivatives transactions. They can help improve transparency and reduce operational risk in the context of EMIR compliance."
Legal Entity Identifier,"A Legal Entity Identifier (LEI) is a unique 20-character alphanumeric code used to identify distinct legal entities participating in financial transactions. In the context of EMIR, LEIs are essential for reporting and transparency, as they help ensure that financial regulators can accurately track the activities of market participants and assess systemic risk."
beneficial owner,"A beneficial owner is an individual or entity that ultimately owns or controls an asset or security, even if it is held in the name of another party, such as a nominee or trust. In the context of EMIR, identifying the beneficial owner is important for transparency and regulatory compliance, especially in relation to derivative transactions, to prevent market manipulation and ensure proper reporting."
express trust,"In the context of EMIR, an express trust is a legal arrangement where a party (the trustee) holds assets for the benefit of another party or parties (the beneficiaries) based on explicit instructions laid out in a trust document. While express trusts are not a primary focus of EMIR, understanding them can be relevant in discussions of collateral management and risk mitigation practices in derivatives transactions, where assets might be held in trust to secure obligations."
objects of a power,"In the context of EMIR, ""objects of a power"" typically refers to the various financial derivatives and transactions regulated under the framework. EMIR aims to increase transparency and reduce systemic risks in the derivatives market by imposing reporting obligations, requiring central clearing for certain products, and establishing risk mitigation techniques for non-centrally cleared derivatives."
default taker,"A default taker is a counterparty in a derivatives transaction that is designated to take on the obligations of a defaulting party, usually in the event that one party fails to fulfill its contractual commitments. Under EMIR, default takers help to maintain market stability by ensuring that the impact of a default is mitigated through risk transfer mechanisms, which can include central clearing and margining requirements."
legal arrangement,"A legal arrangement in the context of EMIR refers to the formal agreements and contracts that define the obligations and rights between parties involved in over-the-counter (OTC) derivatives transactions. These arrangements ensure that trades are documented and that entities comply with EMIR requirements, such as reporting, clearing, and risk mitigation, to enhance the transparency and stability of the derivatives market."
management body,"In the context of EMIR, the ""management body"" refers to the governing body of a financial counterparty or a non-financial counterparty, which is responsible for the strategic direction and supervision of the organization. This includes members who ensure compliance with EMIR requirements, such as risk management and transparency obligations, helping to maintain financial stability within the derivatives market."
management body in its management function,"In the context of EMIR, the ""management body in its management function"" refers to the governing body of a financial firm, such as a bank or an investment firm, responsible for the overall management and strategic direction of the institution. This body ensures compliance with regulatory requirements, including risk management and corporate governance standards, to maintain the integrity and stability of the financial system. Its members are typically tasked with overseeing the implementation of policies and practices aligned with EMIR obligations."
management body in its supervisory function’,"In the context of EMIR, the ""management body in its supervisory function"" refers to the part of an organization responsible for overseeing its overall strategic direction and ensuring that it complies with regulatory obligations. This body is tasked with supporting good governance and risk management practices to ensure the organization effectively manages its derivatives and related exposures under EMIR requirements."
senior management,"In the context of EMIR, senior management refers to the individuals at the highest level of an organization, such as executives and directors, who are responsible for the overall strategic direction and decision-making. They play a critical role in ensuring compliance with EMIR requirements, particularly concerning risk management and reporting obligations, and are accountable for the company's adherence to regulatory standards in derivatives trading and clearing."
group,"In the context of EMIR, a ""group"" refers to a collection of affiliated entities or companies that are under common control. This includes parent companies and their subsidiaries, and it is important for reporting and compliance purposes, as certain EMIR requirements may apply at the group level, affecting how derivatives transactions are reported and how capital requirements are assessed across the group as a whole."
Overall performance,
